{
  "timestamp": "Wed Jul 16 13:47:57 EDT 2025",
  "fixes_applied": [
    "Created optimized requirements.txt for Render",
    "Created render.yaml configuration",
    "Created Dockerfile as fallback deployment option",
    "Created startup script (start.sh)",
    "CORS already configured in backend/main.py",
    "Created .env.render template"
  ],
  "errors": [],
  "success_rate": "6/6",
  "next_steps": [
    "1. Commit and push changes to GitHub",
    "2. Go to Render dashboard",
    "3. Update Build Command: pip install --upgrade pip setuptools wheel && pip install -r requirements.txt",
    "4. Update Start Command: uvicorn backend.main:app --host 0.0.0.0 --port $PORT",
    "5. Set environment variable: CLAUDE_API_KEY=your_key",
    "6. Deploy latest commit"
  ]
}